f0,SNR_Kepler,Pdet_Kepler,SNR_TESS365,Pdet_TESS365,SNR_TESS27,Pdet_TESS27
49.1080426851,29.8404543731,0.93720813937,20.5731079389,0.911459594585,0.646497662876,0.296799168834
54.9334438404,14.972260784,0.882305343015,18.5454305227,0.902735476371,3.90491176312,0.665142129957
60.7851397902,24.1127069479,0.923447844878,22.1674526727,0.917293303898,1.17193806431,0.398185790945
66.832767382,29.6871803067,0.936904619841,12.9914968704,0.866802641233,0.803520667271,0.329907785275
72.8318453817,24.0228837241,0.923183884925,10.7197649159,0.843115021555,0.499281734407,0.263428815473
78.9058993306,7.17451595984,0.782968507208,8.97291978562,0.818286241631,0.601555538336,0.286852848983
85.0084870616,10.3149574802,0.837983237135,6.1704694261,0.756599092185,0.671770188638,0.302299605656
91.254316712,9.808774694,0.831075320695,9.59456012855,0.827971848703,0.626093410561,0.292309635687
97.3484313397,11.1165303866,0.84783964857,3.79668172128,0.659050635235,3.82898628443,0.660891498829
