f0,SNR_Kepler,Pdet_Kepler,SNR_TESS365,Pdet_TESS365,SNR_TESS27,Pdet_TESS27
37.09704014,43.6065780292,0.956153860986,19.119097996,0.905373208586,8.78689442669,0.815173000938
41.6682128983,22.5485831945,0.918575848024,6.45121380397,0.764592211418,15.3719319865,0.885006497243
46.4426373062,34.3052405651,0.944925855996,39.048602542,0.951287146328,1.13890709855,0.392563498841
51.072360458,15.4692366556,0.885645486371,9.12139716658,0.820697100189,4.19182748994,0.680300401315
55.8905412026,11.72909442,0.854601185962,5.24990957234,0.726145675038,4.20614044805,0.681021266386
