f0,SNR_Kepler,Pdet_Kepler,SNR_TESS365,Pdet_TESS365,SNR_TESS27,Pdet_TESS27
33.7771493684,95.0000829911,0.97938219897,46.4426874086,0.958720085899,11.906383347,0.856447653942
38.3254965804,28.231135552,0.93386798429,9.35261324971,0.824327037733,1.50049818976,0.449400587901
42.9756658044,22.3802418833,0.918014297084,5.05534146539,0.718717499174,2.98824062475,0.605637137058
47.8777533767,44.9380958122,0.957397273073,35.6423204661,0.946881149203,0.419098338127,0.2443031026
52.6531762351,16.4638135108,0.89179185157,5.54525549263,0.736707129266,1.82243049403,0.492328489335
57.5667301363,15.9634961222,0.88878472719,9.05286098212,0.819592232753,1.15413608961,0.395167146623
62.3555010922,12.8851466165,0.865854143316,5.10225230863,0.720544690917,2.68200546901,0.580896751676
