f0,SNR_Kepler,Pdet_Kepler,SNR_TESS365,Pdet_TESS365,SNR_TESS27,Pdet_TESS27,SNR_TESS100,Pdet_TESS100
30.1583030404,19.2843976886,0.906106936392,16.2685897812,0.890638002421,0.755751696558,0.320102750988,0.563598023137,0.278287331888
34.1801186169,31.0346460761,0.939476564523,17.2264464023,0.896075451424,1.49239937699,0.448234109861,4.5745872515,0.698534327817
38.6449328732,44.360593574,0.956866750607,8.24979209575,0.8055571928,1.54508272744,0.455741702046,4.95094742577,0.714565267132
42.9740723622,41.6347885216,0.954173222983,13.781343526,0.873448859489,0.0446105357402,0.147402380091,12.4450900401,0.86178178715
47.360561393,30.5062853837,0.938493454819,7.91540558443,0.799050770664,0.186446798008,0.185313630314,1.2481484262,0.410811430112
