f0,SNR_Kepler,Pdet_Kepler,SNR_TESS365,Pdet_TESS365,SNR_TESS27,Pdet_TESS27
43.9371629379,33.2766695248,0.94332092949,11.122582591,0.847909520345,1.39181340436,0.433360371368
49.0415360032,27.8800441655,0.933091537834,29.4992878742,0.936528522037,1.03890173364,0.374965877367
54.5580304806,76.4460733927,0.97450617746,20.4400318359,0.910935264953,12.6644993055,0.863842623921
60.0502286751,12.562975928,0.862896726403,6.75885794435,0.772773030353,1.16166988372,0.396447898199
65.4223327513,17.944263627,0.899808914737,17.9296976288,0.899735820776,1.97349477766,0.510375158408
70.8692035304,9.22255039389,0.822303366552,4.04874037231,0.67291354934,0.730515846049,0.314829280503
