f0,SNR_Kepler,Pdet_Kepler,SNR_TESS365,Pdet_TESS365,SNR_TESS27,Pdet_TESS27
53.0125462081,310.406899849,0.993598114676,231.903305351,0.991449510474,43.6325473252,0.956178805385
59.9571429557,113.629425054,0.982703799631,33.9214086443,0.944337686238,4.00948765387,0.670828056006
67.0971618552,65.9869632606,0.97058474841,9.46612272782,0.826055981632,8.9066894578,0.817189889224
74.4266115125,40.6204267282,0.953082960105,7.80633308011,0.796833696402,2.87168642557,0.596562801199
81.7013198571,24.8646577417,0.925588439338,13.8023789024,0.87361682267,0.482176521417,0.259404426761
89.2384171482,25.6826366281,0.927785132401,6.9873709299,0.778492997627,3.24264527078,0.624125373642
96.6977392969,13.5645891893,0.871691802141,5.15252940092,0.722477099351,1.80796990351,0.490535147376
