f0,SNR_Kepler,Pdet_Kepler,SNR_TESS365,Pdet_TESS365,SNR_TESS27,Pdet_TESS27
46.3768203271,22.0751086548,0.916976456657,15.5981524755,0.886481219722,2.15960237016,0.531001175986
51.2895508566,29.0684236415,0.935648918312,41.4249424781,0.953951851209,11.9003516355,0.856385602835
56.272331468,34.4851779316,0.945197328159,9.73839562699,0.830068076642,8.97132238107,0.818259952992
61.5246977577,12.424750025,0.861587582459,13.4830948801,0.871018526579,6.84752745958,0.775027052859
66.7229988531,18.5676805555,0.902840518094,10.3504170642,0.838446101911,0.724206544616,0.313500652172
71.8557757339,26.8421452125,0.930685799923,11.6577051917,0.853844211413,3.15926610931,0.618255138573
77.1389943565,15.0466833226,0.882817883084,11.4515364514,0.851613283441,4.74899415538,0.706178710398
