f0,SNR_Kepler,Pdet_Kepler,SNR_TESS365,Pdet_TESS365,SNR_TESS27,Pdet_TESS27
50.1374942965,84.2533618912,0.976813549061,47.3696956034,0.959494972604,5.72472982807,0.742739636412
55.9290622803,71.518136175,0.972797529044,14.2855669624,0.877356050116,0.759606513157,0.320902560317
62.0344299352,50.8872646125,0.962188305419,33.5914862031,0.943821995192,4.56967631303,0.698313389583
68.1575067735,17.4054184039,0.897032080752,6.5053599738,0.766074216218,0.0103586269897,0.138138959421
74.268712176,29.72009866,0.936970053175,15.6125310348,0.88657367719,1.38168408876,0.431821948135
80.5921202134,10.0629712962,0.834616235039,14.5962293486,0.879645649209,0.865785228307,0.342345527345
86.7626529389,7.38715952053,0.78784039467,16.0416884461,0.889265655328,1.31283065031,0.42116052612
