f0,SNR_Kepler,Pdet_Kepler,SNR_TESS365,Pdet_TESS365,SNR_TESS27,Pdet_TESS27
71.3169871316,216.079981592,0.990829117358,77.7631218756,0.974927086064,27.0632388046,0.931212655583
79.5731936277,63.0427210174,0.969253439281,18.0596780278,0.900384335895,2.73951740027,0.58576981653
88.2632274393,141.233267122,0.986036991845,17.9233490358,0.89970392941,12.1281167191,0.858692173303
96.8326157561,48.8018970239,0.96063657742,14.6785929364,0.880238427929,0.545057850617,0.274048573489
105.46855932,8.85693199188,0.816357513035,3.38210977834,0.63355962532,0.507154510677,0.265270834652
114.397276286,22.1268471813,0.917154278112,6.52299166452,0.766552811395,1.38644165833,0.432545464659
123.217867925,17.0240407477,0.894971943385,4.17785837905,0.679593752864,0.252570956252,0.202560650111
