f0,SNR_Kepler,Pdet_Kepler,SNR_TESS365,Pdet_TESS365,SNR_TESS27,Pdet_TESS27
25.3954331212,32.4055374132,0.941886675582,25.1604183484,0.926397957641,4.54729883358,0.697302588949
29.4250110777,36.0820594815,0.947494225053,14.3757055916,0.878029285273,0.931471464508,0.355055926426
33.5338363408,14.3291419148,0.877682430586,13.7301064711,0.873037871013,2.60625702993,0.574306737295
37.8788889474,24.8370211737,0.925511885866,10.6150484627,0.841818864057,1.96575370051,0.509479922514
42.0760082682,13.1332801979,0.868046524607,5.09840882604,0.720395869894,0.411746823353,0.242516722671
46.3680927307,4.85198776272,0.710515714383,5.58628536005,0.738110819408,0.298615235969,0.214359222819
