f0,SNR_Kepler,Pdet_Kepler,SNR_TESS365,Pdet_TESS365,SNR_TESS27,Pdet_TESS27
74.9305396469,31.4092597502,0.940154779293,12.9562515328,0.866489788075,10.793245272,0.844011968497
82.7855267539,49.9487732593,0.961505382529,15.6357960246,0.886722958303,0.319141970597,0.219558396626
90.6471315375,47.8107307249,0.959853513204,38.9588007125,0.951180387788,1.07254110982,0.380983598817
98.8499578727,18.3404562467,0.901757017799,8.27114652367,0.80595848161,1.10930444349,0.387445585786
107.032279271,22.4125989196,0.918122833437,13.2910569079,0.869403737169,0.389859488901,0.237166136708
115.062748995,25.9246276371,0.92841036913,15.5230668483,0.885995945702,3.74862511536,0.656275544884
123.491215178,12.8115611243,0.865189930786,14.0109484652,0.875258432657,0.0959469944047,0.161232835458
131.390395327,12.2341808776,0.859741236881,12.2060760981,0.85946477374,0.298270525022,0.214271584758
