f0,SNR_Kepler,Pdet_Kepler,SNR_TESS365,Pdet_TESS365,SNR_TESS27,Pdet_TESS27,SNR_TESS100,Pdet_TESS100
48.1647191366,74.7892375581,0.97395617511,17.6152091184,0.898131280373,10.6044762705,0.841686815681,7.42094869726,0.788594579363
53.8756503143,87.8932793874,0.977752323759,12.0612170664,0.858022387627,0.638181334753,0.294974589084,0.243616836841,0.200245255612
59.5132907659,23.1858226592,0.920633671143,22.2233447997,0.917483907419,3.72974425068,0.655173073022,10.8792463115,0.845048844238
65.525804832,41.9409861643,0.954492447012,19.0001999142,0.904838322476,4.17635921247,0.67951773242,1.68317930754,0.474551846834
71.547474904,24.1874008867,0.923665968215,10.3586533976,0.838553236113,0.780934809146,0.325300557218,2.51776547279,0.566350160382
77.4548279762,15.2227076872,0.884012583386,9.3072062275,0.823625781372,7.25243429663,0.784779311705,8.90343886712,0.81713574074
83.4577828343,9.17040173064,0.821478867694,5.89487012606,0.748210645932,4.97041159227,0.715348616081,8.02293618675,0.801189856051
89.4841961982,9.36873769147,0.824574724947,6.48398498265,0.765491392665,2.28787535849,0.544277764814,5.14502493802,0.722190344914
