f0,SNR_Kepler,Pdet_Kepler,SNR_TESS365,Pdet_TESS365,SNR_TESS27,Pdet_TESS27
38.0917310955,177.331260362,0.988847570969,63.2052436913,0.969330062113,5.95837168105,0.750193905129
43.0999122396,92.0281804911,0.978730591416,35.0911817101,0.946092250273,1.24090317943,0.409631508405
48.4846406779,107.708890111,0.981770446304,25.6940846907,0.927814956862,8.0286166802,0.801301597084
53.772825234,45.4890889945,0.957891420383,53.4726354672,0.963950164093,17.3591644615,0.896786537122
59.2018945532,18.4739129982,0.902396302089,7.29587443632,0.785775864033,1.07284831708,0.381038090238
64.7743561444,19.5272956809,0.907164710402,6.89909998939,0.77631772581,0.642235949328,0.295865063311
70.1271980558,9.91058536394,0.832511518132,3.40701620415,0.635195918878,2.18277015208,0.533453473422
