f0,SNR_Kepler,Pdet_Kepler,SNR_TESS365,Pdet_TESS365,SNR_TESS27,Pdet_TESS27
26.0388970401,55.4450563993,0.965187701998,23.2079297557,0.920703197014,10.9248433065,0.845593028853
30.3214272166,24.5955856537,0.924836352036,22.8774825555,0.919651096384,7.45432243946,0.78933427399
34.3014455686,22.8989769918,0.919720379539,19.6805537211,0.907819953278,1.2127685791,0.40500936731
38.7538397863,13.364323585,0.870024553992,12.4200380267,0.861542514983,0.00700395265539,0.137231016286
43.0909540045,11.8538857035,0.855905785061,4.00859453781,0.670780300388,1.41684568363,0.437129885521
47.4817171538,8.49255667782,0.810024006502,9.31342472452,0.823722148052,2.70806652113,0.583118619331
52.0828495555,5.02467894521,0.717510356665,2.13802534392,0.528695047963,0.25929184013,0.204294192745
