f0,SNR_Kepler,Pdet_Kepler,SNR_TESS365,Pdet_TESS365,SNR_TESS27,Pdet_TESS27
31.2933724893,26.6427627099,0.930203715075,12.4195195993,0.861537554743,3.79860733909,0.659160915827
35.4457003374,29.3870137238,0.936301639824,39.0468975353,0.951285123724,3.1092651821,0.614648314065
39.9882655259,46.0699110159,0.958400060042,16.3605455837,0.891184544158,7.772458653,0.796135202225
44.4499243464,51.5414497481,0.962650188582,13.6525565951,0.872410724721,8.22348521341,0.805060560658
48.9620383804,22.60197024,0.918752333749,12.2723295266,0.8601147682,3.99894948245,0.670263701928
