f0,SNR_Kepler,Pdet_Kepler,SNR_TESS365,Pdet_TESS365,SNR_TESS27,Pdet_TESS27
49.1080426851,6.11335468569,0.0,1.89993005557,1.0,0.635383307152,0.0
54.9334438404,19.7556359275,1.0,3.28539632061,1.0,0.619970693464,0.0
60.7851397902,12.1144593442,0.0,3.58835818538,1.0,1.92066949974,1.0
66.832767382,23.014739596,1.0,4.60485665542,1.0,1.1084781167,0.0
72.8318453817,17.7539141022,0.0,3.55758255455,1.0,1.78032530901,0.0
78.9058993306,20.3316998241,1.0,5.10572159886,1.0,1.21784987826,0.0
85.0084870616,6.75023414968,0.0,2.98975750803,1.0,2.2266601658,1.0
91.254316712,5.87844074258,0.0,3.17294652983,1.0,0.434344943452,0.0
97.3484313397,5.98874080046,0.0,3.05425089317,1.0,3.23922800762,1.0
