f0,SNR_Kepler,Pdet_Kepler,SNR_TESS365,Pdet_TESS365,SNR_TESS27,Pdet_TESS27
37.09704014,11.024281338,0.999996360308,5.6080461301,0.935822017877,3.36526111768,0.632444543009
41.6682128983,40.2935477317,0.999949704481,19.5474592936,0.907251449597,8.72484176098,0.814110743797
46.4426373062,20.4356141882,1.0,10.4639649605,0.997949351543,11.9286244162,0.856675996831
51.072360458,30.0911555801,1.0,45.0729855005,0.999967022954,1.77538946234,0.486450765422
55.8905412026,13.0772663168,0.999999999997,7.5106325579,0.996686890059,4.70119601766,0.704122040625
