f0,SNR_Kepler,Pdet_Kepler,SNR_TESS365,Pdet_TESS365,SNR_TESS27,Pdet_TESS27
37.09704014,11.024281338,0.0,4.64044169354,1.0,0.941552178296,0.0
41.6682128983,40.2935477317,1.0,5.99254395941,1.0,3.25863998418,1.0
46.4426373062,20.4356141882,1.0,8.66160954664,1.0,1.81489215574,0.0
51.072360458,30.0911555801,1.0,5.79777694551,1.0,0.348287032652,0.0
55.8905412026,13.0772663168,0.0,7.98494667701,1.0,2.78138260481,1.0
