f0,SNR_Kepler,Pdet_Kepler,SNR_TESS365,Pdet_TESS365,SNR_TESS27,Pdet_TESS27
33.7771493684,15.0356864514,0.882742429676,11.9363654915,0.856755302346,0.890568693165,0.347190122484
38.3254965804,20.946972522,0.912900174599,5.16664619929,0.72301493448,1.50090450819,0.449458990842
42.9756658044,26.1445047503,0.928969159663,9.75866041604,0.830359325596,1.31606714811,0.421669763667
47.8777533767,85.978718188,0.977268219796,46.3020019554,0.958599888523,10.7747287955,0.84378691032
52.6531762351,39.5051124188,0.951822717039,24.7274483962,0.925206812761,0.497970160456,0.263121314818
57.5667301363,13.8522995215,0.874013652535,4.50937215513,0.695574072262,1.17374908028,0.39849138703
62.3555010922,10.2831088428,0.837565246893,5.05493833561,0.718701694703,1.77811903007,0.486795307075
