f0,SNR_Kepler,Pdet_Kepler,SNR_TESS365,Pdet_TESS365,SNR_TESS27,Pdet_TESS27
33.7771493684,15.0356864514,0.0,1.62598443751,0.0,2.68581711236,1.0
38.3254965804,20.946972522,1.0,4.14893247266,1.0,1.45148867307,0.0
42.9756658044,26.1445047503,1.0,3.18898884003,1.0,0.873623793894,0.0
47.8777533767,85.978718188,1.0,3.85585247712,1.0,0.145382668226,0.0
52.6531762351,39.5051124188,1.0,2.64491331386,1.0,0.45540577683,0.0
57.5667301363,13.8522995215,0.0,6.20567208633,1.0,1.07642160727,0.0
62.3555010922,10.2831088428,0.0,3.79582726656,1.0,3.38864929967,1.0
