f0,SNR_Kepler,Pdet_Kepler,SNR_TESS365,Pdet_TESS365,SNR_TESS27,Pdet_TESS27
30.1583030404,18.8114552517,0.903976697881,16.5144166938,0.892086978215,0.859362983352,0.341080348396
34.1801186169,30.1427248691,0.937798233257,19.2816701911,0.906094921909,0.886271784981,0.346354454981
38.6449328732,42.7408038129,0.955305688728,7.95067225805,0.799757355084,0.908008973776,0.350563612112
42.9740723622,39.4857982177,0.951800296547,15.3713973025,0.885002966329,0.0306621053,0.143632090028
47.360561393,28.3317414221,0.934087166968,9.59762833105,0.82801710196,0.0678087641038,0.153662820521
