f0,SNR_Kepler,Pdet_Kepler,SNR_TESS365,Pdet_TESS365,SNR_TESS27,Pdet_TESS27
30.1583030404,18.8114552517,0.999999484957,14.4579972043,0.992694195597,1.13437848718,0.391785442819
34.1801186169,30.1427248691,1.0,16.2143419441,0.998655973243,1.31134227263,0.42092606988
38.6449328732,42.7408038129,0.999999999356,7.84150461546,0.968408107317,1.73207519979,0.480924843429
42.9740723622,39.4857982177,1.0,17.357056085,0.998936710095,0.107927516543,0.164446129461
47.360561393,28.3317414221,1.0,7.78210058909,0.997154284907,0.111058216279,0.165284723754
