f0,SNR_Kepler,Pdet_Kepler,SNR_TESS365,Pdet_TESS365,SNR_TESS27,Pdet_TESS27
43.9371629379,8.21342962161,0.0,4.90124529855,1.0,1.2118600207,0.0
49.0415360032,11.0272497541,0.0,4.01928313667,1.0,0.91891639793,0.0
54.5580304806,64.7219070381,1.0,2.55393186794,1.0,1.77983914164,0.0
60.0502286751,22.7488350706,1.0,8.14504922408,1.0,1.3227327767,0.0
65.4223327513,25.7612697786,1.0,4.71364568415,1.0,5.29950044297,1.0
70.8692035304,13.0821866085,0.0,2.01662401274,1.0,0.859405275943,0.0
