f0,SNR_Kepler,Pdet_Kepler,SNR_TESS365,Pdet_TESS365,SNR_TESS27,Pdet_TESS27
43.9371629379,8.21342962161,0.804870059152,5.34716878184,0.729715080828,0.470107346909,0.256546621397
49.0415360032,11.0272497541,0.846801426331,5.37953533191,0.730882583346,2.49519250469,0.564274441056
54.5580304806,64.7219070381,0.970027115945,21.9120000146,0.916410837104,12.4570125856,0.861895369942
60.0502286751,22.7488350706,0.919233914907,31.2047718311,0.939786461596,1.98224129908,0.511382956098
65.4223327513,25.7612697786,0.927989492191,9.99599312505,0.83369768088,0.755142628263,0.319976241223
70.8692035304,13.0821866085,0.867600955715,9.61276519892,0.828240010411,1.62029321962,0.466138090964
