f0,SNR_Kepler,Pdet_Kepler,SNR_TESS365,Pdet_TESS365,SNR_TESS27,Pdet_TESS27
53.0125462081,22.838298373,0.919524485746,8.33367205383,0.807124023552,2.37031518104,0.552436761749
59.9571429557,21.8537619603,0.916207011815,16.9182108479,0.894385591005,0.344103501347,0.225828221899
67.0971618552,56.8176049566,0.965999907917,4.4581359481,0.693207803158,10.3586397197,0.838553058315
74.4266115125,257.238981233,0.992285149277,237.229522288,0.991639876704,45.4435425315,0.957851007913
81.7013198571,89.5336360725,0.978150987537,29.1404582477,0.935797668701,3.16252821829,0.618488164438
89.2384171482,30.0393684545,0.937597711768,9.76927585933,0.830511495682,2.06461583977,0.520684834298
96.6977392969,9.36758505037,0.824557042354,6.33199944675,0.761262614667,2.18446435817,0.533631844201
