f0,SNR_Kepler,Pdet_Kepler,SNR_TESS365,Pdet_TESS365,SNR_TESS27,Pdet_TESS27
53.0125462081,22.838298373,1.0,0.160927882434,0.0,1.42235195398,0.0
59.9571429557,21.8537619603,1.0,2.07404836769,1.0,0.0819580461033,0.0
67.0971618552,56.8176049566,1.0,4.86908386506,1.0,0.333167526548,0.0
74.4266115125,257.238981233,1.0,2.30842592685,1.0,0.891034214811,0.0
81.7013198571,89.5336360725,1.0,2.67644771988,1.0,1.62911027288,0.0
89.2384171482,30.0393684545,1.0,3.09005896417,1.0,1.68206822484,0.0
96.6977392969,9.36758505037,0.0,7.42793072921,1.0,0.592935297742,0.0
