f0,SNR_Kepler,Pdet_Kepler,SNR_TESS365,Pdet_TESS365,SNR_TESS27,Pdet_TESS27
46.3768203271,12.3622649968,0.860987559539,9.23279778389,0.822464492031,9.23323517216,0.822471362854
51.2895508566,21.761994898,0.915883815944,12.2723651975,0.860115116541,1.26991788103,0.414331399788
56.272331468,14.747242203,0.880728066241,7.4705242841,0.789691517691,4.43070810821,0.69192611481
61.5246977577,16.7223929985,0.893283233959,15.4417910921,0.885465973561,1.24384211124,0.410110636168
66.7229988531,20.7146962136,0.912010731501,35.186688355,0.946230632045,5.21783451145,0.72494796983
71.8557757339,22.743262643,0.919215746641,8.43885733231,0.809053644018,9.6421223725,0.828670692221
77.1389943565,7.75375285933,0.795747434583,11.2970798524,0.849896893605,0.243646110973,0.200252836168
