f0,SNR_Kepler,Pdet_Kepler,SNR_TESS365,Pdet_TESS365,SNR_TESS27,Pdet_TESS27
46.3768203271,12.3622649968,0.0,5.54799458157,1.0,0.170218078463,0.0
51.2895508566,21.761994898,1.0,2.15635219341,1.0,0.0365446062288,0.0
56.272331468,14.747242203,0.0,3.09385572205,1.0,1.28423652156,0.0
61.5246977577,16.7223929985,0.0,4.08569127757,1.0,0.792956036191,0.0
66.7229988531,20.7146962136,1.0,5.80225880635,1.0,1.65124417511,0.0
71.8557757339,22.743262643,1.0,2.09564037028,1.0,1.66212203217,0.0
77.1389943565,7.75375285933,0.0,2.59200289171,1.0,0.713658663454,0.0
