f0,SNR_Kepler,Pdet_Kepler,SNR_TESS365,Pdet_TESS365,SNR_TESS27,Pdet_TESS27
50.1374942965,6.35368848868,0.761875320377,12.6539031465,0.863744508362,2.05073877222,0.519141439236
55.9290622803,24.7676586684,0.92531905608,15.0755138344,0.883015239779,1.4216117788,0.437842416052
62.0344299352,68.0577935954,0.971454107932,45.707911919,0.958084502199,4.40088871805,0.690520632677
68.1575067735,54.8654272481,0.964832935067,15.0043173528,0.882526661076,3.97460150803,0.668952479584
74.268712176,36.8106617756,0.948479471049,33.3762443828,0.943480377395,4.35121510916,0.688151068318
80.5921202134,11.7340873908,0.854653836227,9.69508459612,0.829442248865,0.382416171231,0.235335685455
86.7626529389,6.24641372077,0.758813997493,6.92435533025,0.77694442108,0.683589660854,0.304849239869
