f0,SNR_Kepler,Pdet_Kepler,SNR_TESS365,Pdet_TESS365,SNR_TESS27,Pdet_TESS27
50.1374942965,6.35368848868,0.0,9.17497346937,1.0,2.92507102229,1.0
55.9290622803,24.7676586684,1.0,2.10570040762,1.0,1.63676592412,0.0
62.0344299352,68.0577935954,1.0,6.25672466797,1.0,4.40277881491,1.0
68.1575067735,54.8654272481,1.0,1.28675613306,0.0,0.143572578571,0.0
74.268712176,36.8106617756,1.0,3.90561373795,1.0,0.32367914086,0.0
80.5921202134,11.7340873908,0.0,5.03792970422,1.0,0.646125896724,0.0
86.7626529389,6.24641372077,0.0,2.14626671839,1.0,0.909912998347,0.0
