f0,SNR_Kepler,Pdet_Kepler,SNR_TESS365,Pdet_TESS365,SNR_TESS27,Pdet_TESS27
50.1374942965,6.35368848868,0.0,2.73215140915,1.0,2.92507102229,1.0
55.9290622803,24.7676586684,1.0,2.57048635815,1.0,1.63676592412,0.0
62.0344299352,68.0577935954,1.0,7.5734469571,1.0,4.40277881491,1.0
68.1575067735,54.8654272481,1.0,2.99901673981,1.0,0.143572578571,0.0
74.268712176,36.8106617756,1.0,3.54882485245,1.0,0.32367914086,0.0
80.5921202134,11.7340873908,0.0,4.56333673358,1.0,0.646125896724,0.0
86.7626529389,6.24641372077,0.0,8.11895130882,1.0,0.909912998347,0.0
