f0,SNR_Kepler,Pdet_Kepler,SNR_TESS365,Pdet_TESS365,SNR_TESS27,Pdet_TESS27
71.3169871316,7.28158413539,0.785449047411,3.78679985753,0.658483594093,0.945149971779,0.357650740354
79.5731936277,38.5058515458,0.95063470046,14.2832986768,0.877339012817,0.244255885418,0.200410721767
88.2632274393,106.745337206,0.981608930047,15.3366997556,0.88477336887,14.8052807994,0.881138916236
96.8326157561,152.702619116,0.987072151881,88.1085852676,0.977805478019,28.8192793692,0.935129083516
105.46855932,41.1263052523,0.953633099007,18.0971462821,0.900569724082,2.04750596653,0.518780532735
114.397276286,13.1278244535,0.867999089827,6.29669484189,0.760258552315,0.838751442584,0.336992504091
123.217867925,8.93810398773,0.817711552232,3.47855337201,0.639817196841,4.20511548768,0.680969751225
