f0,SNR_Kepler,Pdet_Kepler,SNR_TESS365,Pdet_TESS365,SNR_TESS27,Pdet_TESS27
71.3169871316,7.28158413539,0.0,3.44318385322,1.0,3.71999789711,1.0
79.5731936277,38.5058515458,1.0,2.50392752122,1.0,2.62884421036,1.0
88.2632274393,106.745337206,1.0,2.51566794129,1.0,0.23454329706,0.0
96.8326157561,152.702619116,1.0,4.92703065065,1.0,1.12537118309,0.0
105.46855932,41.1263052523,1.0,2.93338910043,1.0,0.83363611852,0.0
114.397276286,13.1278244535,0.0,3.68088808103,1.0,1.45927382177,0.0
123.217867925,8.93810398773,0.0,3.16632440167,1.0,1.73034354906,0.0
