f0,SNR_Kepler,Pdet_Kepler,SNR_TESS365,Pdet_TESS365,SNR_TESS27,Pdet_TESS27
25.3954331212,4.75101472367,0.0,4.1545697752,1.0,2.87122918003,1.0
29.4250110777,13.958089201,0.0,4.55187909936,1.0,0.565393859184,0.0
33.5338363408,31.361905443,1.0,1.82347347941,0.0,0.926570473501,0.0
37.8788889474,34.5474644235,1.0,3.36017479009,1.0,0.293506356517,0.0
42.0760082682,23.3932080374,1.0,8.19259289268,1.0,0.22369589613,0.0
46.3680927307,12.0620856353,0.0,4.41847929264,1.0,2.30216782559,1.0
