f0,SNR_Kepler,Pdet_Kepler,SNR_TESS365,Pdet_TESS365,SNR_TESS27,Pdet_TESS27
25.3954331212,4.75101472367,0.706265029785,5.69928991212,0.74190127084,0.234242739595,0.197814256016
29.4250110777,13.958089201,0.87484642914,11.5761131599,0.852969363853,2.80376519811,0.591085376989
33.5338363408,31.361905443,0.940069887436,21.6702289283,0.915558122826,4.57361874739,0.698490781071
37.8788889474,34.5474644235,0.945290677699,12.0056302679,0.857461025487,0.738270536878,0.316456689504
42.0760082682,23.3932080374,0.92128113849,8.41766622239,0.808667992741,1.02384805118,0.372239996299
46.3680927307,12.0620856353,0.858031124156,4.79298995523,0.708046960604,0.099894453485,0.16229229296
