f0,SNR_Kepler,Pdet_Kepler,SNR_TESS365,Pdet_TESS365,SNR_TESS27,Pdet_TESS27
74.9305396469,9.42986922702,0.82550747673,14.1661393217,0.876452545417,1.01843886954,0.371255495333
82.7855267539,9.74314970341,0.830136492493,10.7825293689,0.843881801157,0.215375261016,0.192900207054
90.6471315375,19.067640165,0.905142454739,19.406016407,0.906639555982,1.54158963389,0.455249756372
98.8499578727,22.1907999928,0.917373029924,11.0061935385,0.846554505972,9.86699613779,0.831899615688
107.032279271,33.2403017288,0.943262469762,13.5898718374,0.871899254068,1.67767383248,0.473825124773
115.062748995,29.6945320622,0.936919245041,33.3957815835,0.943511556868,0.85798328443,0.340808020832
123.491215178,10.6460244789,0.842204497724,4.70432175591,0.70425740435,1.16372992934,0.396797273196
131.390395327,11.6255866223,0.853501071685,8.98892657064,0.818549249047,0.250302749544,0.201974753025
