f0,SNR_Kepler,Pdet_Kepler,SNR_TESS365,Pdet_TESS365,SNR_TESS27,Pdet_TESS27,SNR_TESS100,Pdet_TESS100
48.1647191366,8.02657305782,0.801261411374,4.03923036305,0.672410673661,6.55479844743,0.767411274092,7.42094869726,0.788594579363
53.8756503143,13.0775373833,0.867560262348,8.84205444387,0.816107163017,5.31143503742,0.728414413166,0.243616836841,0.200245255612
59.5132907659,19.5688317549,0.907343212345,24.3649256995,0.924179429538,3.23562835414,0.623638154869,10.8792463115,0.845048844238
65.525804832,71.5373160126,0.972804623039,11.8932202632,0.856312169898,1.84061833641,0.494567290823,1.68317930754,0.474551846834
71.547474904,58.2578611342,0.966812407854,15.5255796244,0.88601225263,11.6369883042,0.853623065797,2.51776547279,0.566350160382
77.4548279762,30.9100005744,0.939247481524,18.1371505889,0.900766900911,4.0165045269,0.671202780069,8.90343886712,0.81713574074
83.4577828343,16.687616551,0.893085051809,7.18172372718,0.783137284882,3.24459384846,0.624260454463,8.02293618675,0.801189856051
89.4841961982,6.10661775223,0.754705382141,10.5193378932,0.840615354965,1.51732588179,0.45180984833,5.14502493802,0.722190344914
