f0,SNR_Kepler,Pdet_Kepler,SNR_TESS365,Pdet_TESS365,SNR_TESS27,Pdet_TESS27,SNR_TESS100,Pdet_TESS100
48.1647191366,8.02657305782,0.0,6.03759180381,1.0,0.711560860311,0.0,7.42094869726,0.788594579363
53.8756503143,13.0775373833,0.0,3.95236348906,1.0,0.896180840791,0.0,0.243616836841,0.200245255612
59.5132907659,19.5688317549,1.0,1.6380972764,0.0,1.09286639762,0.0,10.8792463115,0.845048844238
65.525804832,71.5373160126,1.0,7.12126713094,1.0,3.52010754141,1.0,1.68317930754,0.474551846834
71.547474904,58.2578611342,1.0,3.73176579922,1.0,0.226962172331,0.0,2.51776547279,0.566350160382
77.4548279762,30.9100005744,1.0,2.49771592417,1.0,0.771774981348,0.0,8.90343886712,0.81713574074
83.4577828343,16.687616551,0.0,6.17243468954,1.0,0.568089185772,0.0,8.02293618675,0.801189856051
89.4841961982,6.10661775223,0.0,5.18377481147,1.0,1.02229466734,0.0,5.14502493802,0.722190344914
