f0,SNR_Kepler,Pdet_Kepler,SNR_TESS365,Pdet_TESS365,SNR_TESS27,Pdet_TESS27
38.0917310955,17.0808766135,0.89528416718,6.70457004442,0.771370719026,0.269177644547,0.206837145281
43.0999122396,41.5061015784,0.954037721054,59.90802092,0.967696864041,10.4690812687,0.839976062938
48.4846406779,158.759657687,0.987559229277,63.102360307,0.969281601205,5.83590473877,0.746340886507
53.772825234,79.6111185574,0.975494776872,35.6944879393,0.946954627371,0.916115094923,0.352121625563
59.2018945532,88.920342851,0.978003619457,14.3679207321,0.877971432351,7.22179787355,0.784070924603
64.7743561444,15.3008079935,0.884534903771,8.48354037536,0.809861766044,1.63797172209,0.46852854964
70.1271980558,7.37004904365,0.787456438546,2.89965134789,0.598776805573,0.629520091515,0.293066648696
