f0,SNR_Kepler,Pdet_Kepler,SNR_TESS365,Pdet_TESS365,SNR_TESS27,Pdet_TESS27
38.0917310955,17.0808766135,0.0,4.9018786255,1.0,1.5566346666,0.0
43.0999122396,41.5061015784,1.0,5.98322473547,1.0,7.17590086925,1.0
48.4846406779,158.759657687,1.0,2.43097410681,1.0,5.82997200424,1.0
53.772825234,79.6111185574,1.0,3.26877156284,1.0,1.41118618853,0.0
59.2018945532,88.920342851,1.0,2.3816904487,1.0,0.250458581775,0.0
64.7743561444,15.3008079935,0.0,5.43456957789,1.0,2.58703141581,1.0
70.1271980558,7.37004904365,0.0,2.43771770029,1.0,0.0226294209592,0.0
