f0,SNR_Kepler,Pdet_Kepler,SNR_TESS365,Pdet_TESS365,SNR_TESS27,Pdet_TESS27
26.0388970401,4.88805980496,0.712004916086,1.21693298843,0.405697589457,0.443117666852,0.250101516832
30.3214272166,11.4690845927,0.851805811981,5.19368802046,0.724039459012,1.94236039999,0.506755629004
34.3014455686,23.6341628825,0.922020276044,20.2057412955,0.909996904709,9.82787891422,0.83134668376
38.7538397863,52.6554388339,0.963411277245,24.4915770199,0.9245415481,10.061727643,0.834599271481
43.0909540045,21.4089738899,0.914616928304,20.2310006206,0.91009902031,0.979450996269,0.364080179174
47.4817171538,12.2232180801,0.859633526462,8.09017876488,0.802504613319,0.206756817625,0.190646425317
52.0828495555,7.48803562153,0.790076282267,8.94510654142,0.817827431134,2.84712860927,0.594598883937
