f0,SNR_Kepler,Pdet_Kepler,SNR_TESS365,Pdet_TESS365,SNR_TESS27,Pdet_TESS27
26.0388970401,4.88805980496,0.0,1.89534642198,1.0,4.58319164082,1.0
30.3214272166,11.4690845927,0.0,6.13873316211,1.0,0.564816549537,0.0
34.3014455686,23.6341628825,1.0,3.84174279851,1.0,3.00693405962,1.0
38.7538397863,52.6554388339,1.0,5.27554388208,1.0,0.345379861855,0.0
43.0909540045,21.4089738899,1.0,3.10380424313,1.0,1.56383858534,0.0
47.4817171538,12.2232180801,0.0,3.98845968814,1.0,0.213249946732,0.0
52.0828495555,7.48803562153,0.0,4.25523521771,1.0,2.9109881506,1.0
