f0,SNR_Kepler,Pdet_Kepler,SNR_TESS365,Pdet_TESS365,SNR_TESS27,Pdet_TESS27
20.4754384113,16.3552551404,0.891153248239,9.73224777318,0.829979521459,1.0,0.367879441171
23.6658515502,22.4150393276,0.918131007738,14.661098865,0.880113009616,0.742752792551,0.317394533246
27.2293189146,32.3430875096,0.941781063939,42.8285054376,0.955393097787,2.99048686784,0.605808120204
30.6757014184,21.9795620788,0.916646057026,23.5479408425,0.921757386106,3.64232417066,0.649976749862
34.2173273691,13.0292155666,0.867135831865,12.7262888873,0.864411969696,0.559747273332,0.277409919338
