f0,SNR_Kepler,Pdet_Kepler,SNR_TESS365,Pdet_TESS365,SNR_TESS27,Pdet_TESS27
20.4754384113,16.3552551404,0.0,4.7846251803,1.0,1.0,0.0
23.6658515502,22.4150393276,1.0,4.45394804288,1.0,0.907872803765,0.0
27.2293189146,32.3430875096,1.0,3.55217300133,1.0,4.37379236403,1.0
30.6757014184,21.9795620788,1.0,8.13711623433,1.0,4.91657870847,1.0
34.2173273691,13.0292155666,0.0,10.5105635556,1.0,0.622222693398,0.0
