f0,SNR_Kepler,Pdet_Kepler,SNR_TESS365,Pdet_TESS365,SNR_TESS27,Pdet_TESS27
28.8245836053,20.4270489009,0.910883778813,11.6814466329,0.854096824692,1.81385129417,0.491265966455
32.6753025265,28.6159057474,0.934698483531,16.8466661134,0.893985477175,2.3025932756,0.545755223313
36.8365426269,40.2290827419,0.95264833969,23.1399567391,0.920489035446,5.82025963081,0.745840157032
40.9790407449,21.7643564602,0.915892164397,22.3537787924,0.917925317002,0.888912703253,0.346868275591
45.1507201468,26.985928902,0.931029342389,5.74577717584,0.743429175129,0.190636647528,0.186416177091
49.4084666688,9.71950424604,0.829795667273,6.83089204923,0.774607565637,1.52133556092,0.452381063338
