f0,SNR_Kepler,Pdet_Kepler,SNR_TESS365,Pdet_TESS365,SNR_TESS27,Pdet_TESS27
28.8245836053,20.4270489009,1.0,5.16128859078,1.0,0.414031952682,0.0
32.6753025265,28.6159057474,1.0,5.17668085122,1.0,4.77094585195,1.0
36.8365426269,40.2290827419,1.0,2.55198671089,1.0,1.80976787877,0.0
40.9790407449,21.7643564602,1.0,6.27387116744,1.0,1.95064502605,1.0
45.1507201468,26.985928902,1.0,3.13090958053,1.0,1.70998947831,0.0
49.4084666688,9.71950424604,0.0,8.10131817771,1.0,2.18521026457,1.0
