f0,SNR_Kepler,Pdet_Kepler,SNR_TESS365,Pdet_TESS365,SNR_TESS27,Pdet_TESS27,SNR_TESS100,Pdet_TESS100
59.0484695811,9.11132626124,0.0,4.89132926887,1.0,0.212377257467,0.0,7.89430135084,0.798625558744
65.2291833299,24.5264888717,1.0,7.51185180991,1.0,2.40324341294,1.0,23.3912832731,0.921275177825
71.7277817431,34.4978131216,1.0,1.7983548878,0.0,1.25408121536,0.0,15.9346569298,0.888606294546
78.2796917522,31.7290751408,1.0,4.48363970396,1.0,2.55824033235,1.0,12.5533260908,0.862806135387
84.6876742493,18.364053176,1.0,7.59740893599,1.0,2.75432184175,1.0,8.01348080154,0.801003581404
91.3989022951,13.0968925985,0.0,9.01670829213,1.0,1.52029847776,0.0,2.25139189491,0.540575387581
97.9623877244,9.63793881615,0.0,2.77358358147,1.0,0.674720304223,0.0,2.95988628192,0.603466343502
