f0,SNR_Kepler,Pdet_Kepler,SNR_TESS365,Pdet_TESS365,SNR_TESS27,Pdet_TESS27,SNR_TESS100,Pdet_TESS100
59.0484695811,9.11132626124,0.820535593661,8.43464650666,0.808977135642,0.108591846423,0.164624116891,7.89430135084,0.798625558744
65.2291833299,24.5264888717,0.924640760243,15.9087989075,0.888445819945,2.98214821624,0.60517265799,23.3912832731,0.921275177825
71.7277817431,34.4978131216,0.945216290416,20.8393274741,0.912490219844,2.46256286683,0.56123989687,15.9346569298,0.888606294546
78.2796917522,31.7290751408,0.940721875598,12.7690508156,0.864803215035,0.956081013015,0.359711650291,12.5533260908,0.862806135387
84.6876742493,18.364053176,0.901870659938,6.95967861413,0.777815113535,9.51173915167,0.826741281104,8.01348080154,0.801003581404
91.3989022951,13.0968925985,0.867729508939,8.36441823823,0.807692066193,0.469747580398,0.256461202706,2.25139189491,0.540575387581
97.9623877244,9.63793881615,0.828609449312,4.30211098268,0.685773247404,3.6146275166,0.648298248712,2.95988628192,0.603466343502
