f0,SNR_Kepler,Pdet_Kepler,SNR_TESS365,Pdet_TESS365,SNR_TESS27,Pdet_TESS27
15.9203131445,9.6297355487,0.828489235244,8.50913905608,0.810321673092,1.0,0.367879441171
18.1150359332,19.5078255446,0.907080800407,13.5585924927,0.87164249894,1.0,0.367879441171
20.4537442638,67.4235615309,0.971193358235,53.0992044737,0.963705893809,1.0,0.367879441171
22.7575784513,44.5446916289,0.957037301056,45.6280169462,0.958014211165,1.0,0.367879441171
25.1313721195,14.972161576,0.882304656792,10.951657254,0.845911267591,1.07307351482,0.381078029768
