f0,SNR_Kepler,Pdet_Kepler,SNR_TESS365,Pdet_TESS365,SNR_TESS27,Pdet_TESS27
15.9203131445,9.6297355487,0.0,2.13012431935,1.0,1.0,0.0
18.1150359332,19.5078255446,1.0,6.63617194454,1.0,1.0,0.0
20.4537442638,67.4235615309,1.0,1.29493624196,0.0,1.0,0.0
22.7575784513,44.5446916289,1.0,0.931547811784,0.0,1.0,0.0
25.1313721195,14.972161576,0.0,4.12502244032,1.0,1.62862093276,0.0
