f0,SNR_Kepler,Pdet_Kepler,SNR_TESS365,Pdet_TESS365,SNR_TESS27,Pdet_TESS27
31.2933724893,21.6893298979,1.0,6.0178085353,1.0,1.60227511426,0.0
35.4457003374,28.0037788109,1.0,2.74043987717,1.0,0.807660920227,0.0
39.9882655259,25.1086049605,1.0,3.0600829851,1.0,0.423594377383,0.0
44.4499243464,42.4963783967,1.0,2.26721886377,1.0,0.727635151683,0.0
48.9620383804,45.8759219142,1.0,4.84167145911,1.0,2.44497759517,1.0
