f0,SNR_Kepler,Pdet_Kepler,SNR_TESS365,Pdet_TESS365,SNR_TESS27,Pdet_TESS27
31.2933724893,21.6893298979,0.915626122978,13.719145563,0.872949603849,4.74546024777,0.706027620075
35.4457003374,28.0037788109,0.933367250859,35.5007659429,0.946680739702,3.41995865917,0.636040575318
39.9882655259,25.1086049605,0.926257414946,11.9834967239,0.857236267393,3.3310366804,0.630158940332
44.4499243464,42.4963783967,0.955060261313,16.2460278478,0.890503066159,5.96602147735,0.750430731199
48.9620383804,45.8759219142,0.958231551168,11.2193076135,0.849017572523,9.5016312943,0.82658989444
