f0,SNR_Kepler,Pdet_Kepler,SNR_TESS365,Pdet_TESS365,SNR_TESS27,Pdet_TESS27
32.0988953298,22.8937429,0.919703519458,24.7866917022,0.925372067736,0.358190179706,0.229340420091
36.3521930656,11.9429791318,0.856822988212,10.0406438074,0.834311156868,0.954899723447,0.359489475187
40.9103723636,53.1084955916,0.963712011499,52.0564242468,0.9630059218,2.61342946841,0.574939299943
45.5165593587,36.9799316214,0.948703096003,44.7396852676,0.957216480844,2.63955422831,0.577228056103
50.1287191994,41.0578166828,0.95355937439,13.7948324458,0.873556616981,3.80824176544,0.659711631141
54.7996517074,14.3480242316,0.877823322871,14.9103020413,0.881875211957,0.444028414158,0.250320220744
