f0,SNR_Kepler,Pdet_Kepler,SNR_TESS365,Pdet_TESS365,SNR_TESS27,Pdet_TESS27
32.0988953298,22.8937429,1.0,2.64654442185,1.0,0.147384751359,0.0
36.3521930656,11.9429791318,0.0,4.99141419627,1.0,0.0251643763716,0.0
40.9103723636,53.1084955916,1.0,4.3418116103,1.0,2.79270797901,1.0
45.5165593587,36.9799316214,1.0,3.73099451147,1.0,0.992243748495,0.0
50.1287191994,41.0578166828,1.0,4.55631712,1.0,4.61574549068,1.0
54.7996517074,14.3480242316,0.0,6.05573938176,1.0,0.363763474999,0.0
