f0,SNR_Kepler,Pdet_Kepler,SNR_TESS365,Pdet_TESS365,SNR_TESS27,Pdet_TESS27
81.1578549259,10.2552170425,0.0,3.07355099639,1.0,0.346782098499,0.0
88.6191404854,10.2621419487,0.0,5.24848960068,1.0,0.933564536462,0.0
96.0428542403,24.2924574235,1.0,3.7356964992,1.0,1.42330480208,0.0
103.220330642,14.5458381722,0.0,4.12563446264,1.0,3.83846952007,1.0
110.710719321,10.1107829945,0.0,3.47383917918,1.0,2.06289332831,1.0
