f0,SNR_Kepler,Pdet_Kepler,SNR_TESS365,Pdet_TESS365,SNR_TESS27,Pdet_TESS27
81.1578549259,10.2552170425,0.837197416884,14.242575014,0.877032327552,2.1056344064,0.525192296427
88.6191404854,10.2621419487,0.837288895719,13.7655356094,0.87332234288,1.94338163284,0.506875154932
96.0428542403,24.2924574235,0.923970663166,11.7705321492,0.855036992402,0.492314219107,0.261793219855
103.220330642,14.5458381722,0.879280081155,7.68690721488,0.794349659859,4.35637576391,0.688398909424
110.710719321,10.1107829945,0.835265771422,5.02900497755,0.717681287379,5.30468179684,0.728167209017
