f0,SNR_Kepler,Pdet_Kepler,SNR_TESS365,Pdet_TESS365,SNR_TESS27,Pdet_TESS27
33.5192844751,8.61100125119,0.0,1.11942481042,0.0,0.529744036858,0.0
38.0722145267,21.9243937285,1.0,3.92113893984,1.0,0.779406572907,0.0
42.6656625528,23.781190859,1.0,3.88961190011,1.0,2.14256770243,1.0
47.5218124831,36.0039356165,1.0,1.23749155439,0.0,0.454576190162,0.0
52.2682335866,30.0078938928,1.0,2.25020449832,1.0,0.329262953152,0.0
57.1917014677,13.9597517802,0.0,3.98935116649,1.0,0.288233195534,0.0
61.7901704319,7.83788408043,0.0,6.77555062175,1.0,2.55546793437,1.0
