f0,SNR_Kepler,Pdet_Kepler,SNR_TESS365,Pdet_TESS365,SNR_TESS27,Pdet_TESS27
33.5192844751,8.61100125119,0.812129991012,2.95195667412,0.602855092159,1.85853754525,0.496754932464
38.0722145267,21.9243937285,0.916454085605,22.5497745512,0.918579794743,0.206369817665,0.190545091614
42.6656625528,23.781190859,0.922464513393,7.81436199677,0.796998555747,0.557676429673,0.276937423819
47.5218124831,36.0039356165,0.947386341858,11.402270401,0.851070086286,3.56065185081,0.644981397985
52.2682335866,30.0078938928,0.9375363911,20.2333503287,0.91010850768,7.94619434322,0.799667912199
57.1917014677,13.9597517802,0.874859429245,10.7078824966,0.842969010132,1.56955370135,0.459165171961
61.7901704319,7.83788408043,0.797480010279,7.25435213847,0.784823503078,2.58726912235,0.572623314927
