f0,SNR_Kepler,Pdet_Kepler,SNR_TESS365,Pdet_TESS365,SNR_TESS27,Pdet_TESS27
23.9158922127,6.33441840032,0.761331104082,6.21635271223,0.757942074032,0.875950152162,0.344339768673
27.8143527055,11.4491215523,0.851586749425,13.8222395296,0.873774997696,0.0706044706572,0.154416228735
31.5890432718,27.4624608506,0.932143978362,33.2849657182,0.943334248412,10.4136962939,0.839265585662
35.6884778005,72.2336554134,0.973059694181,51.5962930035,0.96268839824,4.80320869395,0.708477537187
39.6427779803,42.717635205,0.955282540187,16.0863155403,0.889538280306,2.45703182207,0.56072147418
43.7222197331,17.7656541035,0.898905212649,10.7481986834,0.84346331936,2.06209749912,0.520405446265
47.7846441843,13.0505498939,0.867323554385,5.92678180461,0.749211189831,0.598368194971,0.28613940719
