f0,SNR_Kepler,Pdet_Kepler,SNR_TESS365,Pdet_TESS365,SNR_TESS27,Pdet_TESS27
23.9158922127,6.33441840032,0.0,3.21034687617,1.0,0.421177118514,0.0
27.8143527055,11.4491215523,0.0,6.99481651043,1.0,2.32148377875,1.0
31.5890432718,27.4624608506,1.0,2.05140967785,1.0,1.85035703307,0.0
35.6884778005,72.2336554134,1.0,3.54409386209,1.0,0.00571330762208,0.0
39.6427779803,42.717635205,1.0,6.39328195675,1.0,2.50492198708,1.0
43.7222197331,17.7656541035,0.0,3.91722472895,1.0,0.969171715816,0.0
47.7846441843,13.0505498939,0.0,3.94927273816,1.0,1.31931945856,0.0
